{"mean": [162.6392278223229, 172.14175911717751, 150.29345586635898], "std": [51.71795318544171, 51.44594804983497, 48.12313234515298], "to_rgb": true}